<!-- LanguageDictionary name (attribute) author (attribute) IndentString 
	ReservedWords Maps Formats -->
<LanguageDictionary name="DefaultHackEBotLanguageDictionary"
	author="ScriptEase2" xmlns:xsi="http://www.w3.org/2001/XMLSchema-instance"
	xsi:noNamespaceSchemaLocation='../../../scriptease2/scriptease/resources/schema/LanguageDictionarySchema.xsd'>
	<!-- Four space characters. Space = ASCII 32 -->
<IndentString>&#32;&#32;&#32;&#32;</IndentString>
	<LineBreak>
	</LineBreak>
	<ReservedWords>
		<Word>if</Word>
		<Word>else</Word>
		<Word>return</Word>
		<Word>for</Word>
		<Word>while</Word>
		<Word>do</Word>
		<Word>struct</Word>
		<Word>const</Word>
		<Word>switch</Word>
		<Word>case</Word>
		<Word>break</Word>
		<Word>action</Word>
		<Word>command</Word>
		<Word>const</Word>
		<Word>effect</Word>
		<Word>event</Word>
		<Word>float</Word>
		<Word>int</Word>
		<Word>itemproperty</Word>
		<Word>location</Word>
		<Word>Location</Word>
		<Word>object</Word>
		<Word>string</Word>
		<Word>struct</Word>
		<Word>talent</Word>
		<Word>vector</Word>
		<Word>void</Word>
		<Word caseSensitive="false">true</Word>
		<Word caseSensitive="false">false</Word>
	</ReservedWords>
	<FunctionCallFormat>functionHeader</FunctionCallFormat>
	<Formats>
		<!-- Variables -->
		<!-- Adds the type of the variable in front of it -->
		<Format id="variableWithType">
			<Fragment data="type" default="void" />
			<Literal> </Literal>
			<Fragment data="name" legalValues="[a-zA-Z_0-9]+" />
		</Format>
		<!-- Declares a variable with type -->
		<Format id="variableDeclaration">
			<Line>
				<FormatRef ref="variableWithType" />
				<Literal>;</Literal>
			</Line>
		</Format>
		<!-- Declares all variables in the series -->
		<Format id="variablesDeclaration">
			<Series data="variables">
				<FormatRef ref="variableDeclaration" />
			</Series>
		</Format>
		<!-- Defines the variable with its value -->
		<Format id="variableDefinition">
			<Line>
				<Fragment data="name" legalValues="[a-zA-Z_0-9]+" />
				<Literal> = </Literal>
				<Fragment data="formattedValue" />
				<Literal>;</Literal>
			</Line>
		</Format>
		<!-- Defines all variables in the series -->
		<Format id="variablesDefinition">
			<Series data="variables">
				<FormatRef ref="variableDefinition" />
			</Series>
		</Format>
		<Format id="childVariablesDeclaration">
			<Series data="children">
				<FormatRef ref="variablesDeclaration" />
			</Series>
			<Line />
		</Format>
		<Format id="childVariablesDefinition">
			<Series data="children">
				<FormatRef ref="variablesDefinition" />
			</Series>
			<Line />
		</Format>


		<!-- Implicits -->
		<!-- Declares all implicits -->
		<Format id="implicitsDeclaration">
			<Series data="implicits">
				<FormatRef ref="variableDeclaration" />
			</Series>
		</Format>
		<!-- Defines all implicits -->
		<Format id="implicitsDefinition">
			<Series data="implicits">
				<FormatRef ref="variableDefinition" />
			</Series>
		</Format>

		<!-- Functions -->
		<!-- Function signature with type in front -->
		<Format id="functionSignature">
			<FormatRef ref="variableWithType" />
			<Literal>(</Literal>
			<Series data="parameters" unique="true" separator=", ">
				<!-- Parameters are just the type and the name -->
				<FormatRef ref="variableWithType" />
			</Series>
			<Literal>)</Literal>
		</Format>
		<!-- Declares the function, for the top of the file -->
		<Format id="functionDeclaration">
			<Line>
				<FormatRef ref="functionSignature" />
				<Literal>;</Literal>
			</Line>
		</Format>
		<!-- Same as functionSignature, but without types. Used to call it -->
		<Format id="functionHeader">
			<Fragment data="name" legalValues="[a-zA-Z_0-9]+" />
			<Literal>(</Literal>
			<Series data="parametersWithSlot" unique="true" separator=", ">
				<Fragment data="name" legalValues="[a-zA-Z_0-9]+" />
			</Series>
			<Literal>)</Literal>
		</Format>
		<!-- Defines the variables in codeblock and then calls the function -->
		<Format id="functionCall">
			<!-- Code block context -->
			<Scope data="mainCodeBlock">
				<Line>
					<FormatRef ref="functionHeader" />
					<Literal>;</Literal>
				</Line>
			</Scope>
		</Format>
		<!-- Writes the entire function with code inside it -->
		<Format id="functionDefinition">
			<Line>
				<FormatRef ref="functionSignature" />
				<Literal> {</Literal>
			</Line>
			<Indent>
				<Fragment data="code" />
			</Indent>
			<Line>
				<Literal>}</Literal>
			</Line>
		</Format>
		<!-- Format to return a function header -->
		<Format id="returnFunction">
			<Series data="parameters">
				<FormatRef ref="variableDefinition" />
			</Series>
			<Line>
				<Literal>return </Literal>
				<FormatRef ref="functionHeader" />
				<Literal>;</Literal>
			</Line>
		</Format>

		<!-- Children -->
		<Format id="children">
			<FormatRef ref="implicitsDeclaration" />
			<FormatRef ref="implicitsDefinition" />
			<Series data="identicalCauses">
				<FormatRef ref="childVariablesDeclaration" />
				<FormatRef ref="childVariablesDefinition" />
				<FormatRef ref="storyComponentChildren" />
				<Line />
			</Series>
		</Format>

		<!-- Gets the children of the story component -->
		<Format id="storyComponentChildren">
			<Series data="children">
				<FormatRef data="scriptIt" ref="functionCall" />
				<FormatRef data="askIt" ref="askItConditional" />
				<FormatRef data="pickIt" ref="pickItConditional" />
				<FormatRef data="note" ref="noteFormat" />
				<FormatRef data="controlIt" ref="controlItCall" />
				<FormatRef data="activityIt" ref="activityItCall" />
				<FormatRef data="behaviour" ref="functionCall" />				
			</Series>
		</Format>
		<!-- Gets the appropriate format for the type -->
		<Format id="childrenWithoutImplicits">
			<FormatRef ref="variablesDeclaration" />
			<FormatRef ref="variablesDefinition" />
			<FormatRef ref="storyComponentChildren" />
		</Format>

		<!-- Format for control it children -->
		<Format id="controlItChildren">
			<Scope data="Cause">
				<FormatRef ref="implicitsDeclaration" />
				<FormatRef ref="implicitsDefinition" />
			</Scope>
			<FormatRef ref="childrenWithoutImplicits" />
		</Format>

		<!-- Finds the format for the ControlIt and uses it -->
		<Format id="controlItCall">
			<Fragment data="controlItFormat" />
		</Format>

		<!-- Format for activity it children -->
		<Format id="activityItChildren">
			<Scope data="Cause">
				<FormatRef ref="implicitsDeclaration" />
				<FormatRef ref="implicitsDefinition" />
			</Scope>
			<FormatRef ref="childrenWithoutImplicits" />
		</Format>

		<!-- Finds the format for the ActivityIt and uses it -->
		<Format id="activityItCall">
			<FormatRef ref="functionCall" />
		</Format>

		<!-- Defines all variables in the KnowIt -->
		<Format id="knowItDefinition">
			<Series data="variables">
				<FormatRef ref="variableDefinition" />
			</Series>
		</Format>

		<!-- Turns a Note into a comment -->
		<Format id="noteFormat">
				<Fragment data="note" />
		</Format>

		<!-- Includes -->
		<!-- HackEBot format for include files -->
		<Format id="include">
			<Line>
				<Literal>#include </Literal>
				<Fragment data="include" />
			</Line>
		</Format>
		
		<!-- Series of all includes. -->
		<Format id="includes">
			<Line>
				<Literal>#ifdef __AVR_ATtiny85__</Literal>
			</Line>
			<Indent>
				<Line>
					<Literal>#include &lt;avr/power.h&gt;</Literal>
				</Line>
			</Indent>
			<Line>
				<Literal>#endif</Literal>
			</Line>
			<Line>
				<Literal>#include &lt;StandardCplusplus.h&gt;</Literal>
			</Line>
			<Line>
				<Literal>#include &lt;system_configuration.h&gt;</Literal>
			</Line>
			<Line>
				<Literal>#include &lt;unwind-cxx.h&gt;</Literal>
			</Line>
			<Line>
				<Literal>#include &lt;utility.h&gt;</Literal>
			</Line>
			<Line>
				<Literal>#include &lt;Servo.h&gt;</Literal>
			</Line>
			<Line>
				<Literal>#include &lt;HEBStory.h&gt;</Literal>
			</Line>
			<Line>
				<Literal>#include &lt;HackEBot_Move.h&gt;</Literal>
			</Line>
			<Line>
				<Literal>#include &lt;HackEBot_Sonar.h&gt;</Literal>
			</Line>
			<Line />
			<Line>
				<Literal>int SE_GlobalTime;</Literal>
			</Line>
			<Series data="includes" unique="true">
				<FormatRef ref="include" />
			</Series>
		</Format>

		<!-- Format for the delay controller -->
		<Format id="delay">
			<Line>
				<Literal>DelayCommand(</Literal>
				<Scope data="argument" ref="Number">
					<Fragment data="name" />
				</Scope>
				<Literal>, </Literal>
				<FormatRef ref="functionHeader" />
				<Literal>);</Literal>
			</Line>
		</Format>

		<!-- Format for the repeat controller -->
		<Format id="repeat">
			<Line>
				<Literal>int i = 0;</Literal>
			</Line>
			<Line>
				<Literal>for(i; i &lt; FloatToInt(</Literal>
				<Scope data="argument" ref="Number">
					<Fragment data="name" />
				</Scope>
				<Literal>); i++) {</Literal>
			</Line>
			<Indent>
				<Line>
					<FormatRef ref="functionHeader" />
					<Literal>;</Literal>
				</Line>
			</Indent>
			<Line>
				<Literal>}</Literal>
			</Line>
		</Format>
				
		<!-- Format for askIts -->
		<Format id="askItConditional">
			<Line>
				<Literal>if(</Literal>
				<Fragment data="condition" />
				<Literal>){</Literal>
			</Line>
			<Indent>
				<Scope data="ifChild">
					<FormatRef ref="childrenWithoutImplicits" />
				</Scope>
			</Indent>
			<Line>
				<Literal>} else {</Literal>
			</Line>
			<Indent>
				<Scope data="elseChild">
					<FormatRef ref="childrenWithoutImplicits" />
				</Scope>
			</Indent>
			<Line>
				<Literal>}</Literal>
			</Line>
		</Format>

		<!-- Format for pickIts -->
		<Format id="pickItConditional">
			<Line>
				<Literal>int random = Random(</Literal>
				<Fragment data="totalChoiceProbability" />
				<Literal>);</Literal>
			</Line>
			<Series data="choices" unique="true">
				<Line>
					<Literal>if (random &gt;= </Literal>
					<Fragment data="choiceProbabilityLowerBound" />
					<Literal> &amp;&amp; random &lt; </Literal>
					<Fragment data="choiceProbabilityUpperBound" />
					<Literal>) {</Literal>
				</Line>
				<Indent>
					<FormatRef ref="childrenWithoutImplicits" />
				</Indent>
				<Line>
					<Literal>}</Literal>
				</Line>
			</Series>
		</Format>
		
		<!-- Format for the StoryPoint tree setup -->
		<Format id="StoryPointStart">
			<Line>
				<Literal>void StoryPointSetup(){</Literal>
			</Line>
			<Indent>
				<Scope data="start">
					<Line>
						<Literal>if(!storyInitialized) {</Literal>
					</Line>
					<Indent>
						<Line>
							<Literal>StoryPoint::RegisterRoot(</Literal>
							<Fragment data="formattedValue" />
							<Literal>, </Literal>
							<Fragment data="fanIn" />
							<Literal>);</Literal>
						</Line>
						<Line>
							<Literal>string parentName;</Literal>
						</Line>
						<Series data="orderedStoryPoints" unique="true">
							<Line>
								<Literal>parentName = </Literal>
								<Fragment data="formattedValue" />
								<Literal>;</Literal>
							</Line>
							<Series data="childrenNodes" unique="true">
								<Line>
									<Literal>StoryPoint::RegisterChild(parentName, </Literal>
									<Fragment data="formattedValue" />
									<Literal>, </Literal>
									<Fragment data="fanIn" />
									<Literal>);</Literal>
								</Line>
							</Series>
						</Series>
						<Line>
							<Literal>StoryPoint::SucceedStoryPoint(</Literal>
							<Fragment data="formattedValue" />
							<Literal>);</Literal>
						</Line>
					</Indent>
					<Line>
						<Literal>}</Literal>
					</Line>
				</Scope>
			</Indent>
			<Line>
				<Literal>}</Literal>
			</Line>
		</Format>

		<!-- Format for the robot Setup -->
		<Format id="setup">
			<Line>
				<Literal>void setup() { </Literal>
			</Line>
			<Indent>
				<Line>
					<Literal>#if defined (__AVR_ATtiny85__) &amp;&amp; (F_CPU == 16000000L)</Literal>
				</Line>
				<Line>
					<Indent>
						<Literal>clock_prescale_set(clock_div_1);</Literal>
					</Indent>
				</Line>
				<Line>
					<Literal>#endif</Literal>
				</Line>
				<Line />
				<Line>
					<Literal>RightS.attach(5);</Literal>
				</Line>
				<Line>
					<Literal>LeftS.attach(6);</Literal>
				</Line>
				<Line>
					<Literal>pinMode(3, OUTPUT);</Literal>
				</Line>
				<Line>
					<Literal>pinMode(4, INPUT);</Literal>
				</Line>
				<Line>
					<Literal>SE_GlobalTime = 0;</Literal>
				</Line>				
				<Line />
				<Line>
					<Literal>StoryPointSetup();</Literal>
				</Line>
				<Line />
				
			</Indent>
			<Line>
				<Literal>}</Literal>
			</Line>
		</Format>

		<!-- Format for the main method in normal script files -->
		<Format id="loop">
			<Line>
				<Literal>void loop() {</Literal>
			</Line>
			<Indent>
				<Series data="causes" unique="true">
					<FormatRef ref="variablesDeclaration" />
					<FormatRef ref="variablesDefinition" />
				</Series>
				<Line />
				<Series data="causes" unique="true">
					<FormatRef ref="functionCall" />
				</Series>
				<Line />
			</Indent>
			<Line>
				<Literal>}</Literal>
			</Line>
		</Format>

		<!-- File formats -->
		<!-- Default format for most files -->
		<Format id="file">
			<!-- include files first -->
			<FormatRef ref="includes" />
			<Line />
			<Line>
				<Literal>Servo RightS;</Literal>
			</Line>
			<Line>
				<Literal>Servo LeftS;</Literal>
			</Line>
			<Line>
				<Literal>HackEBot_Move hackebot(5,6);</Literal>
			</Line>
			<Line>
				<Literal>HackEBot_Sonar obstacle(3,4);</Literal>
			</Line>
			<Line />
			
			<!-- Function declarations next -->
			<Series data="codeBlocks" unique="true">
				<FormatRef ref="functionDeclaration" />
			</Series>
			<Line />
			
			<!-- StoryPoint setup -->
				<FormatRef ref="StoryPointStart" />
			<Line />
			
			<!-- Robot setup -->
				<FormatRef ref="setup" />
			<Line />
			
			<!-- Main Robot Loop -->
			<FormatRef ref="loop" />
			<Line />
			
			<!-- Function definitions last -->
			<Series data="codeBlocks" unique="true">
				<FormatRef ref="functionDefinition" />
			</Series>
			
			<!-- Robot basic functions -->
		</Format>
	</Formats>
</LanguageDictionary>